,Id,Tag
1526340,18165270,c#
1526341,18165270,.net
19138,450630,c++
19139,450630,qt
19140,450630,sql-server-2005
19141,450630,visual-studio-2005
3420375,37279810,php
3420376,37279810,mysql
3420377,37279810,database-migration
3420378,37279810,phinx
3211734,35395440,excel
3211735,35395440,matlab
3211736,35395440,oop
3080085,34189440,ms-media-foundation
953308,11817340,asp.net
953309,11817340,.net
1981696,23071370,mobile
1981697,23071370,titanium
2685685,30368940,c#
2685686,30368940,asp.net
2805968,31573240,sql
2805969,31573240,sql-server
2805970,31573240,sql-server-2014
3045500,33880150,ios
3045501,33880150,swift
3045502,33880150,uiview
441974,6064650,sitecore
1685555,19909240,forms
1685556,19909240,jsp
2836077,31872170,ios
2836078,31872170,autolayout
2836079,31872170,uinavigationbar
2836080,31872170,uisplitviewcontroller
2836081,31872170,uicontainerview
3136034,34705350,cordova
3136035,34705350,visual-studio-2015-comm
3136036,34705350,windows-8.1-universal
111056,1915010,visual-studio
111057,1915010,windows-installer
111058,1915010,setup-project
111059,1915010,repair
778871,9906720,c#
778872,9906720,wcf
778873,9906720,exception-handling
1842012,21608740,c#
1842013,21608740,linq
1842014,21608740,entity-framework
2965498,33167910,api
2965499,33167910,shop
602834,7919170,c#
602835,7919170,excel
2477696,28254950,polymer
1832793,21512490,django
1832794,21512490,django-allauth
298358,4343390,iphone
298359,4343390,ipad
298360,4343390,ios
298361,4343390,uiscrollview
298362,4343390,uitextview
56596,1096000,drupal
56597,1096000,rss
56598,1096000,drupal-6
2457321,28049400,php
2457322,28049400,curl
2457323,28049400,connection
1031205,12680020,php
3212076,35399300,python
3212077,35399300,arguments
3451436,37553090,android
3451437,37553090,eclipse
3451438,37553090,cordova
3451439,37553090,google-play
3451440,37553090,certificate
1577692,18736300,android
1577693,18736300,android-actionbar
3673544,39520930,javascript
3673545,39520930,node.js
3673546,39520930,asynchronous
3673547,39520930,promise
3673548,39520930,async-await
3370283,36824990,c
252048,3765940,ruby
456044,6228550,git
456045,6228550,workflow
3506485,38039810,wordpress
976338,12071390,c#
976339,12071390,stored-procedures
976340,12071390,odbc
976341,12071390,sybase-ase
1950514,22746300,debian
1950515,22746300,web-hosting
1260555,15222360,c#
1260556,15222360,winforms
1260557,15222360,com
1260558,15222360,outlook-addin
1260559,15222360,outlook-2007
1315967,15837630,java
1315968,15837630,data-structures
1315969,15837630,map
1315970,15837630,multimap
942858,11700850,c++
942859,11700850,c
942860,11700850,parallel-processing
942861,11700850,mpi
766134,9764170,jquery
2531757,28805230,java
2531758,28805230,mysql
2531759,28805230,date
2531760,28805230,timezone
914852,11397030,git
914853,11397030,permissions
914854,11397030,file-permissions
2756110,31072480,objective-c
2756111,31072480,nsdate
1525636,18157470,php
1525637,18157470,performance
1525638,18157470,instagram
486771,6586040,django
486772,6586040,django-queryset
3492069,37915900,android
3492070,37915900,android-navigation-drawer
3057698,33990320,c++
3057699,33990320,multithreading
3057700,33990320,mutex
341449,4866970,continuous-integration
341450,4866970,hudson
341451,4866970,archive
341452,4866970,artifact
716481,9206290,c#
716482,9206290,asp.net
367677,5186470,flash
367678,5186470,actionscript-3
367679,5186470,animation
367680,5186470,angle
1349465,16207840,windows
1349466,16207840,gtk#
1443033,17247600,objective-c
1443034,17247600,ipad
1443035,17247600,cocoa-touch
1512497,18013700,ios
1512498,18013700,flash
1512499,18013700,air
2828328,31794470,spring
2828329,31794470,apache-camel
2828330,31794470,jbossfuse
2828331,31794470,blueprint-osgi
3133760,34683560,angularjs
3133761,34683560,ng-grid
3013625,33598740,matlab
3013626,33598740,random
3013627,33598740,model
3013628,33598740,effect
3013629,33598740,mixed
1593221,18900720,google-chrome
1593222,18900720,fonts
1593223,18900720,font-face
1593224,18900720,web-inspector
1056369,12959950,javascript
1056370,12959950,html
1056371,12959950,image
1056372,12959950,cordova
1056373,12959950,text
686227,8867920,.htaccess
686228,8867920,mod-rewrite
3029889,33742420,java
3029890,33742420,android
3029891,33742420,listview
3029892,33742420,android-listview
1960051,22844450,regex
1960052,22844450,unix
1960053,22844450,sed
1960054,22844450,awk
1960055,22844450,grep
966356,11961410,javascript
966357,11961410,arrays
1572123,18673900,html
1572124,18673900,css
2803872,31552090,ruby-on-rails
2803873,31552090,spree
2803874,31552090,actionview
2803875,31552090,deface
24119,548090,sql
24120,548090,sql-server
24121,548090,dynamic
2506712,28551810,backbone.js
2506713,28551810,requirejs
3209406,35372850,ios
3209407,35372850,swift
3209408,35372850,alamofire
3209409,35372850,swifty-json
459917,6274960,java
459918,6274960,design-patterns
459919,6274960,architecture
429196,5915910,cross-platform
429197,5915910,bit-manipulation
429198,5915910,ada
2105560,24373670,php
2105561,24373670,magento
2105562,24373670,templates
3475279,37767110,python
3475280,37767110,numpy
1381802,16568270,ios
1381803,16568270,gamekit
712788,9165120,php
712789,9165120,regex
712790,9165120,codeigniter
712791,9165120,username
3019933,33654160,r
3019934,33654160,ggplot2
3019935,33654160,time-series
3019936,33654160,axis
990207,12223820,c#
990208,12223820,restsharp
3548010,38405210,python
3548011,38405210,cron
3548012,38405210,shared-hosting
412391,5720360,c++
412392,5720360,boost
2268979,26076210,c
2268980,26076210,arrays
2268981,26076210,multidimensional-array
2268982,26076210,raycasting
2268983,26076210,tcc
1007471,12417780,android
1007472,12417780,build
1007473,12417780,prerequisites
590283,7776320,android
3212429,35402490,c#
3212430,35402490,asp.net-mvc-4
2679526,30306720,asp.net
2679527,30306720,response
2679528,30306720,visio
2679529,30306720,visio2013
3068358,34083200,ios
3068359,34083200,swift
3068360,34083200,parse.com
3068361,34083200,mapbox
2371221,27142950,ios
2371222,27142950,objective-c
2371223,27142950,multithreading
2371224,27142950,asynchronous
2371225,27142950,grand-central-dispatch
1899499,22213150,r
1899500,22213150,sorting
1899501,22213150,dataframe
611878,8020910,php
611879,8020910,mysql
611880,8020910,pdo
16534,395340,python
16535,395340,django
16536,395340,django-models
3584996,38733310,javascript
2126633,24594370,python
2126634,24594370,multithreading
2527921,28765300,javascript
3426349,37331220,c#
3426350,37331220,wpf
3426351,37331220,image
2351554,26938310,android
2351555,26938310,picasso
3028643,33731300,android
3028644,33731300,webview
577184,7625630,ruby-on-rails
577185,7625630,mongoid
577186,7625630,formbuilder
2410112,27552620,javascript
2410113,27552620,html
2410114,27552620,internet-explorer
1654306,19565300,ios
1654307,19565300,uitabbarcontroller
1654308,19565300,tabbar
31249,676940,.net
31250,676940,xml-serialization
497576,6708920,javascript
497577,6708920,ajax
497578,6708920,permissions
497579,6708920,google-chrome-extension
1650603,19525370,actionscript-3
1650604,19525370,optimization
1650605,19525370,callstack
485974,6576260,php
485975,6576260,mysql
485976,6576260,prepared-statement
188516,2960720,iphone
188517,2960720,graphics
